job;company;location;link
Binnen- of buitenbezetter - Bouw - Westerlo;Actief Interim;Westerlo;https://be.indeed.com/pagead/clk?mo=r&ad=-6NYlbfkN0AXM1mzRTEgRXkWxvmApyi5tDtUj-90KkV_vYX44yEGyT2TQm9rUHOjG1jDJLP1i628fvAnWGohkzoDEgQs-AbtWUwrjjOxU1oEyzlT5FSxbnYkG64uUviu0kkiFhNierDyCSJNo2a1SAGmvXDq1FfH8ukU3OrhYlYgfFuTU_pZtMaa5oMXtHdwYKTOM3hRjkDRUVN0aUlZe3UmVEBcpyZic1AeKfqP9fKPVCuMWB-_-3pogq4q40eo6Jqn53uCfA9mwizSd1zA9-8bT3NFaZoFdbZGQTmj2GUxYQXBCMCbKRbQOe65u02AN8asH9tjDKMcRsuhDjVoc5tr7RRcozaLlL_M_ddZO9zVLSbN6bJoIkRdOzJheRE_klJjqM8xL9nGCf6l9aEjdc6RlYmW33-vy7rQatxDggbNoTWSG5U3qI07mGzx4__HqVxy8i182p2-8pxnwe2B8jO2G_e-QJ4hBYy41rlsGIMGwSBAGcTN0Mn7PoIfSw13MvxEhbMwMXk3Omi5yHJwCXjVfSQihu-pS4yQZt3w-BEjA38c3_Vc2Y5im7-HuUZsgE1whRSkoIo_CSkiNGIvXBfyLThlgo-2v2oG29QgtmGp7h-ESStSZ-o8sTdj_g2eusQv7yYr5Cx67u1M7Rfsyk4JQtNPhfx_5FRcejW88-nt7wyZsxnK4hkJBWmnNvsbpdzRmZ6-ebYdtbnlctqJ0j0tUSYK4bSRa9Q70r8WhjJxQzvZLfmjSoTY30aoCy2v&p=0&fvj=0&vjs=3
Schrijnwerker / Plaatser aluminium ramen en deuren - Westerl...;Actief Interim;Westerlo;https://be.indeed.com/pagead/clk?mo=r&ad=-6NYlbfkN0AXM1mzRTEgRXkWxvmApyi5tDtUj-90KkV_vYX44yEGyT2TQm9rUHOjG1jDJLP1i628fvAnWGohk4N_i-Hh3EQjzZVf0QbUHvr_sOgkpfDCDGAHxnX0_3twfAg8Z6vAtJXHrCTLTR9KVc0lx2rKHlmACz7p4Wkr0kE9YYaDiLnc9aqM77gPVd5zNoHgCvLvmuSBkMA7bD8e5mkp7-TcCLgrVunEIT0449aAcvrOIKiab-98efAtNz4YSqfrpBL1BDIW3kmHaUbRjvFDzV7qMupuupbGCrxu-jhBzkLK9BY3qusiO6Ab9Yct0g3D2ox6Ic8_GzLYrq3BK-NtYI-thRr8OBxJVxPxa2O35jzFKwRlf2nS_oGaHUaLHve1USeNvECEmLpvriIkVd01p9LVdJnzy7Z7WEd-6HOY1Lv7mKcLT6RVsUlUGfxWWYWLV1OocJyAUykCvLt44jKMk55O5J-BJ40M8eNJxm0dMUBZSbpGUtRZbIzUVlGLZvGf1CRSM3_TCiuZm-YYci54M5nnXdBTOFKmwhYiJxckbIejQ26_LConKWENN6dzCHdduBzWfCv8i-aFpAIuDGtd_OmBW0vjTZox_gNo--IBakKjvZtbj-zxg86yEOs4QTIFcTOtF2hJN1CTaIDJVaWdEEk2zq7QwEORXQzNDBBR_Mx6L7t5Xm0tYIumrHIfNblEktWie9DS4d0OjoBfzMzeHQuaJIz4o8d3XpDFOf0j_wTOWMr-FN2FefUMea1B0f0txP8s30y99emUc3fhBCP_hNHbuunD&p=1&fvj=0&vjs=3
Handlanger funderingen-bouw-Westerlo;Actief Interim;Westerlo;https://be.indeed.com/pagead/clk?mo=r&ad=-6NYlbfkN0AXM1mzRTEgRXkWxvmApyi5tDtUj-90KkV_vYX44yEGyT2TQm9rUHOjG1jDJLP1i628fvAnWGohk2EcLKimq01GXNmA4oYraTqlWBuOpxDVyL51DHClAdbQ26DuBD2DocWrKtY2V-nzAeCHHsWgFwpemZ7uEwXBc_vlOhMxjDIKHMAthXfyF_613h4rUyEEzywbTMY-DkU0xSNvNOg75j5ps1MThVN5E1cxgKIwWAUCxIMsEDPKDxFqDFWpAOsNq1VH_lyxLKUOVBAEPDG07quHp80NJMeVPsNE6FBS7GKaFsVk8x2fz1p3foZS0RY8PzWxGRJ6bIs8ViJKcDbldtRk0J9Q7hfClJEasvktvh59GS-FIaIWOce8xmpO9EfiPBpVX3RAIoB99Vil9uU__EQvyerprjYcwKgpeW8_PZAYtQErZWoyoZSycaRd4R95RZNEa8k9FsDp6bZYLKOCN1XKkUhRcDXP5lmXKIEeOAWsEvYcUZfeQtJYAPfcW16tCunIvRkwezKEQ98agXETpwMx7VmQuGfplZ6eybsq6XBlGwwrkU_jc78e90k04Op9YEIg5SDD3Dgs9jryFwvWcSYwGeQ4nsKPOxFG_SBMJ75IIaqku72M_LMaHsJ8nbqZvywiViT2OL9Ztier1lajd3HuEeQ2tFwXJR0uPxrXgmGNwmlCghtTBlU37L91mKgSRye6l7uIMHBbAzJnmvWe-vWDY-twFKZ2k2Y2Q_38PsM_R2Xe9jR5aOPi&p=2&fvj=0&vjs=3
Vloerder - Bouw - Westerlo;Actief Interim;Westerlo;https://be.indeed.com/pagead/clk?mo=r&ad=-6NYlbfkN0AXM1mzRTEgRXkWxvmApyi5tDtUj-90KkV_vYX44yEGyT2TQm9rUHOjG1jDJLP1i628fvAnWGohky-9-QplhHCpkXDhde5eCWTPIj6C7kZCNCJoquWn4OOQ95WCnFbM-vIdhQZNvGm_fuk9mPQGonz9uc1N4S1mkyNHdkNo7OIYDqlmNXLqYjceRqWtRoc4Kg5nnjkvzmUs2_C9XySxY8nZ0znWT1qvZmxvtoVV1d44oJxJrrVfomC52RGW9mx4JgGLpmcUwPt0QchccSmFMSU1L8vWLKo4e_gfH8Vdkj6VJmud6mKb2CvezlncAa4-H6ATvaYiskk4LB0ZA_FoZtL2WF3VmJYyY1odbyugmaNFisBSVWvDCdHqpaIgk_pzKkKNgRL1KT_-pY_qqyAFL4uKf8l60Wl6Ko64rRnucyb4yY6MOfzscgPN8CvTLij5IMvl58wq9_T1PwiXkQpTuHkGL9pG3d-4V0pDrAztakBfTfVD24cl6KGVMLrXIZO6uYQDoOe0cWoGwkMHNJUbB1Ym72L-oqUufLBr0_zdzoUdgk8uIFZ6GIlV5i0I8wLv3YYI587KFZgANokk1qCDhPEEv9jiHalaCYub_E4r1m_F1CASo6jV-rj1H01henOYSa10sKXPAqJ4xf0XuqhibH0QcUtvm7ruE1lYeOBjPfywN0z1gg3qa7pM4GVrmZ4pSUumqPyh5M7F5L4JZF5jucbJ6U_qs_pWD4Y=&p=3&fvj=0&vjs=3
Calculator HVAC - Westerlo;Actief Interim;Westerlo;https://be.indeed.com/pagead/clk?mo=r&ad=-6NYlbfkN0AXM1mzRTEgRXkWxvmApyi5tDtUj-90KkV_vYX44yEGyT2TQm9rUHOjG1jDJLP1i63FRHv_ye-73YcAlAyHQ-0AR8ntmBVL_FAUVFZ2yXjA074vWn_q9nOYvvNCml5AngvAn3dlfXVCBAOVzn_1mLJacMEmt84EIy3bf_LCU0JBBhGg2DdNs4GmETpgj4VKAoucUvn_t-EdvxVLniUyHUABaokyh9FU-vk5lVtkupG1hYjS29DT0SC_bge5vd8tT2Bt-mizVkpRwxc8OK2G2P5i0Rfydk2-BLgPG9DAOaWEvvjOIIR_bHWTHinxCgaRNf8fPYIpTxPZukuBY4Zv9DVSfHpK9NF5WUL4n_-E9sPH06LiiGVxA0YUqahHrN9UUc6bv2n7fNke20dl_mPCNGKE0nHKK0wJik99SkTND5aqsKsccnEz-45RJhMSxWRSllFIYfHag9Y1DmI_1SR8KEcwRRtwqKPIqNMIYZ2kJDqkSkNh-HXHnSCJc6SF-2FgXtVVnKPU334sR6jVI6UIWzIK6e8d0yygvJwjL19oVCnCueO_QMe1gSEVnm9vU-VbVCJ-PZwa5ayxfZB3Sq6Vf8Bs4jWBPCK-GUu43g6vaeQ9M__1HNdt3YeCKfD0KEON245n-Exw_0U1uil8SFDpB4L8n3Odxga-b7DCkgJ-vCdzOezcEPaUxvNCfk-NawTtaVZGIuCI5NUrAQomz1d9w13e9pZTIkVZTX7Ujzf7R9FBog==&p=4&fvj=0&vjs=3
Dakwerker met ervaring - Bouw - Westerlo;Actief Interim;Westerlo;https://be.indeed.com/pagead/clk?mo=r&ad=-6NYlbfkN0AXM1mzRTEgRXkWxvmApyi5tDtUj-90KkV_vYX44yEGyT2TQm9rUHOjG1jDJLP1i628fvAnWGohk2kM_hYpXsqcMjSxYFJQqFWZKeJVcgC96-rLZ_4biTq0FIAngzl9fAg_Zhfy0ASr58HpEspkJQcxk5nVcekfg-FirWRyf6fAd_dwHfUkgUax9dIHfFTr0p-cuDALFkkukixMKkLuHI6OBzyUOdJF86QF9DdXogQljbcFrKS3j-6WDPNTa2ghfMvGj9njLkQaa55SjX6KGcvltOy8vIf1WkMycs_sz9hUMM8UM074oSbIu25lBaDNLE8XnAqFs4Fph7SpdWJIyYN5lQpM37RpA7a62Cte1umhW8MhEA9j7C64L9sRyw7lOqPJMW-x13q00vkqcB2tuStDW_5LVMT__VRpb6oPOTNBIfhSeY-TIMXclcMMnJ_VcH-mjWh0IEermHtAAZNNliVD83xv0bvNAIX3O9AphRyKqf3JjZkzzOEffBeboYt2TLM-Ml-YZERiynhmBn680aVAdGV5FOg2XZ3HD9uLkCz4sPe7wyo60r1ru96pLiDXw7-cR8LhBrPZudq6BUt-MUL1v1AoMWfO-Ru9FdS2oKYLXIyc-3Hkf8xGYfZ6C1EsSgiv-nnQpDdNYdCiaFAiumiUKEOUEOW-oUut1ZRI11rO_pFagWjw3Je3dIg5J6-0v1D32tnHm_4f4f-ny7vwlU9xqcJML_urxpLwaEVczYB0M85ycJHgyGbf&p=5&fvj=0&vjs=3
Tekla tekenaar - Bouw - Westerlo;Actief Interim;Westerlo;https://be.indeed.com/pagead/clk?mo=r&ad=-6NYlbfkN0AXM1mzRTEgRXkWxvmApyi5tDtUj-90KkV_vYX44yEGyT2TQm9rUHOjG1jDJLP1i628fvAnWGohk_4ENXZHo4KvqmJTAhikBYoA5sD43KqNxlVh7FGHv3P26eNQG8DhPnNw2WiNbawf_pL8o6LIsUZ7OvW3PFCph_ERpR6H9KzBX2t6tkjz0V1hw-mFDb2hamc22K5ctO0CRIkisbL1dKSRfgPHwWPqi5EvMiEaiqDA_KmjpibJ5uWHCkeBYoHvVzS3cNze3lwpC950MCkyJ70h4-V01L5PqCPqzXMMf0fcpfOaglG2NHZnR1NZA7XFNe1W3NuYcK-_ONGrkeQciHTBrSf2elnJh5FLeYQC4Wif_RYwUo6plsP17_LhlbI8bRLNsFKMknlJoJAh8nLxRTBFtj1oAeZGzGQ_uUbVkiDewQzQJRvmG_biBTGHX_GzjB05OCkgWYrXBh8AR72c9qPu6CpRRdvEnTr7wTgcTGFCjxWfRPKPtMFMZaa2DFtG7OTXLAybW4YlTBDW5a72bbgz6p1YM_MkO0l1mPbq3109oXgnyclHt3O9Lp4YNFkXAfDnRFNT2XTzmffrela1-5tvWPq6cKFxWl-P6Kf1l1JBj_YigEwedFDc8PJOdZ7w_APVO1iVUABDzZYzDwJLufSOoyfFstaCivjwd54PZ4KwXhL1fLZRxpRcAgvVhLT2CVJjzJYiLHp0gx3wt3IY6DswlFKh3awyOKR7wsmGN9UY9A==&p=6&fvj=0&vjs=3
Projectleider - Aluminium - Westerlo;Actief Interim;Westerlo;https://be.indeed.com/pagead/clk?mo=r&ad=-6NYlbfkN0AXM1mzRTEgRXkWxvmApyi5tDtUj-90KkV_vYX44yEGyT2TQm9rUHOjG1jDJLP1i628fvAnWGohkye2RG_KyDOM_6j9hAfHYWRKk-Yd2UXVEfarnEizYe2rHe4j0Kj3FMQunurOrDuAMpnJgyDAS12dbfHby0uITGKDmLgNEcXkbW072ZVuYUgrX6l1TYnFl_K6oOWao7x3XU5jH_Rh4ZnPj_-3Jw64oeHyFeWHZ1RYSJBrDIcjvkawnyEx2_2JLMLTbtcNxDhpPGanBJT02HVy82kujDHgzre2gfyXg5JotVigfTBF5iWsqDYXIhmr24OHjfTH3azmNc19boyLujBCrcrzMmeYLRyG_7DXE3-jHFC44jhYVgHXkFq6KwUCiOymJ-e1YqRKbysgLS9aqn1bwcWNTH7DRbZavGNjRmOsrKp-y6EV7zKZxMnDEPrp-Kn7JAbiLa6sfqJunFr1zhSOpqOW1_T3eQEacpqCsqAA2ZA2ybSS_-ZMTcFJMh8V4_hCVc74aPGrUVbGg4gLfSPFspoFBtl5Xh7-bFSUxPB9hSLXe371q3d45TASLpFL0jMkQtvy9Z2esBtG8Kl4_KkLFXNY-APyIspy--vfFC8-ZoJOnbufbDhziWoUTjk9IjcKMIqnpzYlZ4UkVzHwTioCn9RjfueYow_XyTTBFK6au9rQprFs7--PJP2BRj9G_qyCu2oKdB_mhcgs5JzwomBOgU4eMpET0dL_XDEdP_yt4kW0cG8Biw8L&p=7&fvj=0&vjs=3
Metser(diender) - BOUW - Westerlo;Actief Interim;Westerlo;https://be.indeed.com/pagead/clk?mo=r&ad=-6NYlbfkN0AXM1mzRTEgRXkWxvmApyi5tDtUj-90KkV_vYX44yEGyT2TQm9rUHOjG1jDJLP1i628fvAnWGohk8vGRNB1d7tDIiLghc_B88XrKuoG-WwjI-0MoSlZHswj72svj9BkkujRSiK_PlBzuxW2odxOQeitjEYvumj9MgczeGJelZHf9VCitrrYveRd8Kd77DOG7xkAHxjkiZDmRyfTCvwneuYV7xSM9VQKBdWlsJHkq2ZYfamWCwsrhrkgyeIqWC4WD_10WYqOEOfM3jl28cfJlUvVJewtXX9QGdt8Ls9Nlo437SMBEkJwRvVWsrD6AKJ143P0kLT18nJhGdskUINwIODK8vGGqAP68kb6a9CGzZHPlynNKMzZpY5jDX6SwAv9p1M_pp2fSuUojOwjcjDiG0sqKgv_Qy2cKOwKKYpaloBaYWEsCsymRiQV-TdZBMA9IVfX6d0pKUfi-FHQSJr_I8JtcrMUUeai6wHJoSR0XZmkmE_wxTMDbChWAQAXA1mG79Z_HGLsdg-76Dn04A5QMpdWBKSOV7X62oCotqCbxAG4AQ83MXYkvTZR6N1PvRMjnkn3BppwwdcPHRXGHciArAtAnx9ZImkwqoFzYmY-WbOb7SXJs-q6YDJvmcdLFvxTuZv4EgzVGJCfvfAR1TYqA3F3bBK64tfvJ6Ibf7kNJANQX6VsEKTRPgi1Sq5RebijuFRmcq1bY4hm7TOMooIgZDPqZFIeCH5GPjO2bVZtIAWRmA==&p=8&fvj=0&vjs=3
Tekenaar Topsolid CAD/CAM - BOUW - Westerlo;Actief Interim;Westerlo;https://be.indeed.com/pagead/clk?mo=r&ad=-6NYlbfkN0AXM1mzRTEgRXkWxvmApyi5tDtUj-90KkV_vYX44yEGyT2TQm9rUHOjG1jDJLP1i628fvAnWGohk8KGBCNAshI-AFH-nthLQJ-uJx8kXGN-5Oi6Hp6r4xULTFnjAPlrMQvMpIxQ6BUr8j8-p4H4cOkDturov9punOQyf_bacFUQEc4x-A_FFZlGpGX8FdP1g_9UvtzaCo17dVbUfqERA7KwvT-koh1Kbqtzzd00vDfPEuvXK7eX_cLoAF1VmyiZkiKlR0cQmi3tdKH-xus2EKbV2Mx8rhsto6CYTcBq7ejFmCPrRZxmIupMQ48KJNM06bXiwkk4kk4ubfRcsBic3D7xjauPGGFLnvE17SS2HUF2aELcBDmQz4Gf9b5lRu-2Dqq3T3KUqmp4HN0F2UDv6cHuz_6BhTdCZZqZqoZh1DSRiPp0k2RtE9J3MNyRYJnyppTH3Dq21yMEl4RGMy7ODTpBafX_QI4fNaAcQ5dwy4qVAryahjeNPsaX83yMmN98a4Kut9uMUHNUJxAlIBtH1zVKNLgRaKW7YSRfBnWBE0JIypJA48FJdGxEbrCLITapbIX-OiAp6xClCxIVSow4lOMAQ3vzhJexWmfa0mx-SPLl9TSUgq8MuQKIFDjvaxe5xJe3QZIecedlN8DjhMvswLCHaaeJhq9YTKKbJlPaKbMvvtwVTTtMybH0hSDMlCk2YmvwOCx-6rn8dHfb2xdfjSRP8p6g9VM-aewd65oasJzgR7uFWgLGPYfmomv4edlgr0k=&p=9&fvj=0&vjs=3
Koeltechnieker - Bouw - Regio Westerlo/Geel/Turnhout;Actief Interim;Westerlo;https://be.indeed.com/pagead/clk?mo=r&ad=-6NYlbfkN0AXM1mzRTEgRXkWxvmApyi5tDtUj-90KkV_vYX44yEGyT2TQm9rUHOjG1jDJLP1i628fvAnWGohk7Bdq7PinLTWaSClJgd6ZORl4y_XLRQdAOc0pKimeY7pt4bCWtQS5QaRPwYijNBGoZkl05oYClH6zG9Z7RoFqpcFUbRw6obpf5h5GUr0tVG4OyiHNnrmJkjFM49gIh1ZujQpTq_KrMMGl_95y3O0PUqEnbStnCU9oK0ZrzGln59rSIyRfHgUvbKZtTj09rk9G938hYWWw806NlExWXN2j6a4L8_ZENpT35VxHn2vRJS9z7YeA8txSulhPJ63SasW9T4m2jgf13MR7ZrtQ7dzBU6y5PfZczWN477-MbmTmGJXMzdxi8fu_UcdeOfcb0hB-mjPW1gI_bq7j0Nso84ity9c4mceEhtZHmEv3VPwmy7b-aRr2i3vv1TcZkURjeZR-dUoYolcThASwi4SMJuz06bgHr_eMtDaEjjIn-JAskw08I3Xwo8M1tXVfBzwfPfhixOVPG7zb4GxtCwtSC3_9gJ1W8yASmqlMbo2Thj-1M0hY2Okt7gPMoBOpLzdttBDZK4XgH1yIMiOvnfoMBkq0QBMHQdIi4y0eiDEjV-QpLM43wf4H0uzaHUbXy4G0WaE4wKAUa8O2Wk8Bk0FPvA3-xcnO-jcd1TZYiWbXABSRQN2WPecHy9B48vsrE9dslBVYKzT_Q-F-uC5MZgSW3taCfkoOFrBLWJ1Bo5Yahh8LfVjC8BKe69h648=&p=10&fvj=0&vjs=3
Plaatser interieurbouw - BOUW - Westerlo;Actief Interim;Westerlo;https://be.indeed.com/pagead/clk?mo=r&ad=-6NYlbfkN0AXM1mzRTEgRXkWxvmApyi5tDtUj-90KkV_vYX44yEGyT2TQm9rUHOjG1jDJLP1i628fvAnWGohk467Jn9wC9ClYhpVho6fXFZORGZc7MslXO_ZA5fdgypEg2WCdKphVULevGdWITNfvR0Hszh193CNlhL40NTVhaFRnvIXHYqPyVeM6ggbaryIQQYUq3SheDfyL54k69PIVkJKE39AzBdOhcl6sVKk1nghuN4XoLmW-55YdXZ9FgViNNkaWUU6lzixrJUh0DD4cDuE-lQxihP_RFVsLDg4W6USafh5AcsuPmgTkc1tSkpfnEcGisUq9UeBnIhr0IRMKypwj28hy--bWIes1PpSfT62ZUstSCdFUCtsoAVakVaWZ-l9Ah4vTYFJV_yx0Cc_KwFWJFSFVaLC2_Nj32DHsWJyRUJ7H6wi7jzLkiNlqjRfhDWNS1S7PVkwCd61qoncl93AERbD0hw08E9gk0GYhFYIQUWuHipI0SIhF2XfecCuzoYk_iGwx2JB2ICj2e2XGakwzanNEFbGoR9ysIck9kSfVvDkITVfcOKsxVO8pW8-b-66JXuy1AFl4daKZfkBbf3Qsvck-Ksb3iZzcwBRQ4ecNKH17tljp-QLKct81wV9gvnHgb-nymtb7uHOoUHvg_JI1AraYqkGJCFamVzTE4PYHuS3IYqjYT-Akyz_6V_dV-cYN7Qzfi5z5txvHfwTBhxE0__dtFq8fwaUfYhKN9bBKI3f4RmUXV7diS-BbIXw&p=11&fvj=0&vjs=3
Metser met vaste werkuren - regio Westerlo / Herselt / Geel...;Actief Interim;Westerlo;https://be.indeed.com/pagead/clk?mo=r&ad=-6NYlbfkN0AXM1mzRTEgRXkWxvmApyi5tDtUj-90KkV_vYX44yEGyT2TQm9rUHOjG1jDJLP1i60o8RiM3wBf7CjrnND4HugvKSIRV2g-hQC4xQOBwqD5tMW46XDk5kzWjS-3PSd7zIdWTf51U9zF8BAYFHrbNB4uyiGfxFNGVz4eljKdNzMNTdf29yQ_5JEuiJbbp6KPJXMq_UUR_gnr4tkLv77-Np6ch7O0wYx-UCr6OiMNLaMAVXj1lxSEsB1ZNh1hJKniYpOU73iKBDk5uUQd6NImK-bnaRst-rUsVxgP-ilZ776rY4r0sYtnqE42q0DpBpvmcFLfVQRSjy3wtOBPxD5MMTH7Dk0_A_iuK5yEUG0gB1nJoCgshHf0HxbnHlmdzG1v4iQGMQMonHSxJGg3SZZi09eS0JaW4rTf4WB70f_TSricc3aEjs_coBOqIorF8pDK5K62dqkbQoLMngUnr97NKcrVKq5qTB93FMedOrcD2KMARRiNwDtJqajwj_821cIdCt4Zf5FVyiZh3TAQ-C_-4UJQlK3ctgBFtqLq159g9UVByQ1cHYY52AQbBvDEEhmTKWsgfKdWERKHLAgWB97ntamxM33AeKF2xoQWhznQGr9VWIJXQa-uhmSdDcM6ZLEsyfzsYpHGeAf0N-9u_GCeBAdk_2IAV8LKBaI57TT-jY8Oq6bDsCOdaYl8w7VWNe2BymKQ3aaxp4qWhzoJmXgKe4NBdpNLxQtEl_ezLizDeR5friipATmFC_hI2KU_1P08uiLOQnM6P11apay4M4Fub-NkIQId35t1adg=&p=12&fvj=0&vjs=3
Handlanger industriebouw - BOUW - Westerlo;Actief Interim;Westerlo;https://be.indeed.com/pagead/clk?mo=r&ad=-6NYlbfkN0AXM1mzRTEgRXkWxvmApyi5tDtUj-90KkV_vYX44yEGyT2TQm9rUHOjG1jDJLP1i628fvAnWGohk6ORWCtT9jRuS1YtrhGkvxz_4HNp5oSOVIfgBLmVCBwUvJVmR2dRmHw2DnUY7b0NZcxpSa_bqm3-ptZtSEvFofhUv137H67MIdVNypqrAHGxOwLgWlG7UT5DdZXHx91jP8z16UhqiiRdl3TAVEteH58Dp1_txSptJycpmwr1i6q3MJOJk1gpTtVtbOOxeYgjtyQwSXdu_3zbM8KPCI-nijVMuTamS4UwnOySho32CIZkcTF1xlRhTv9nTIb1OPfzmsRStmDELiBzT98jUeDxe8aJCFqSQUCS5VEGyfH1OgEa3k6aNcTzKTwdZpkgUvPH9M9hL1QkipgtwGRAHKejD8xaIxKN9I8a4Qr_OmE35sSQ6ee4VN49C9W5N_4BOP8HZboG4Uy8qGO2_Qzqb3SmSSfpqY2XQYcRu3yzObxnp2AVSi1qekPsOxauGD1qSFik8p3Ff91gMvqLTA9RZO5gyq_NayDBEYi1cBysXJ0G15HTxubvLQCglbomiKu3e4bGrx2yD9c9o7UD8U6Bd04C1Crp84vSe_cBhHyoJSUItFpeY_fpNej9l9ufPJ9_j6VQiCa6fBxCHv1A1EH_WP3aLz0fBBEUcOoojSr0DteyZOlkoh0CM-Zhkq8aOSi-g6BsBkXJ0rd21f3AZm-ZvI7a4WB8jbs_WgtkszB6-asqDuum&p=13&fvj=0&vjs=3
Atelierarbeider ramen & deuren met DOORGROEIMOGELIJKHEDEN -...;Actief Interim;Westerlo;https://be.indeed.com/pagead/clk?mo=r&ad=-6NYlbfkN0AXM1mzRTEgRXkWxvmApyi5tDtUj-90KkV_vYX44yEGyT2TQm9rUHOjG1jDJLP1i628fvAnWGohk-xVLPgq_3TO-_lJeJzsStDcekKXzUfUAOijw1EGejoOKCgioEdME0tNLLbXE3PSNTznFOJ6BRVelMwzqPXuJRS6QjeAkOccm9Gtodtt22fGFld5gouTwUhFElBmsAxT-s1cGgum_2kE9-K6NzekRHBJDmF_RimSJKHbo77uoxFA8YK8oOQN8HXPLdmXEkBRslzUHrCac9UffwETxR7TDy7a1sp7TWfwbwv_Bm6qn_Fv1AybKd50lGvEGYSH8Uq9RLGrzZQNUGWpvJ4CGvhz3gdz_dfAjvrk-G9aKkXBgozcEJXbpRSV_j_NxPpHNNDyFm9vgf7IKPijg1r6Y7nXF24bWbYJXO4wPaHFq3xHYP-zKpIW5t0pJsRTUxqFsAH7sFw9tCsJKE_7ZHM1k9K0TqwLG5oCPizrKjLCqS7MmGqH6dc8yx_8QjDZqIZZAIzJbDWFcGA954CkGvLKgIDGONEaC8lBTD4XVKsr4EOvrUfy-xFQ7uinaNArw-07zoGOULCZ9yB5XOLosCn_NTmwESI1h4aGzxCNnz4svrr-2_msdWKQKcQxLAEN_lGEvAikSnMMJf8Ph-dfku5Vmt7gd6YOw_Op7s0FOFiiaokvaPUIT7wMDASxY626QnpcZWO39PiH2j0RSgSUsT3XtCXib6forQwKExyTAiPIDnT1mhvq14nY4u6zn0nuhgHYVijfj8fRhAuAP6VDxUxBOYKr-9I=&p=0&fvj=0&vjs=3
Atelierschrijnwerker: cnc en monteren - BOUW - Westerlo;Actief Interim;Westerlo;https://be.indeed.com/pagead/clk?mo=r&ad=-6NYlbfkN0AXM1mzRTEgRXkWxvmApyi5tDtUj-90KkV_vYX44yEGyT2TQm9rUHOjG1jDJLP1i628fvAnWGohkwO208woXuZWnL66VUeGATl00wt9pYV_05isDzWR5obh8n8HFcCNu6vZzqQGqfn9_ZRhYMJMq9SXBR-RHh7A2OeRQQc7gl4FoQLlD1MTkoY6vAlQTBKprcrLl9wpSaq90L3l7RP8L6UjGebUjFBIR71lwkBjaBu01t6QgDFvHyxHFr0n409QChbTXC8MlWpP_1IM743DRisTEe8QkoLlVCwrzDkN6BXC1nsjQ73e8eoADhr-ZEU2Z1zZtwy2qFWSyB_8e77kem7hEIjOgnaf-91dmX9TNTGSlWpLiqHLKGfxVDOch0Vndj5bBLNuITMMgPSSAX93UJ46HU18Z2YeXJktFGhYhFhj0mat0Gi2DrjkM_oCxVhx3rCdpQS_RLDKzGMZsHmzXbg6NhYH03oMIu3u491NfARAuaKrYuTN8VtOEA1abybuWS83I4Glh89_f5DyBiiSYzlIMrwf26UmWWLq5mkuB4_xZTEg5Zr2bqRG6AvafZAR8nKKvJwMt_GMg3yhe170LaNKK5j1CtpH2SUlMeR6mwmsuINKFnzld5OMHhlLGC-zge7T7A4FFHBrM5dX4elNY3jkmPKaqRrJS49ozgrONzwyDsi57xru9xTNZbAyG5QUngOE8MuidUtyWtbuTd_XvX9te0vl7ZIRrxKcdbFBkj0ywXIPlet3KjyEuHO0IbD2EuNhyN2TEOF76A==&p=1&fvj=0&vjs=3
Medewerker mengkeuken nacht;Itzu Jobs;Westerlo;https://be.indeed.com/pagead/clk?mo=r&ad=-6NYlbfkN0BKuOcQpThPWai6S9Oj-wOmsjGD2CsrOXKXCzVFtLS1uNMqu7-aASRrVcUJiEY9Cel6VHqTvIlnhDbnsV6BtuNikRwzl-I_PDTaQLf1avXJ5wlMdIAZjR9LGIUpxJ9rckUgA5n9wllPC6vChDldMe-MZiZp00_iDLKDl1ySjYukCDo1HXNHhQNSK73ItzCeFrnRdwDtS0yq-v4VXbVhyTe7991jjpt7s9Kca3_cr138kw-Qs3ZYEK0Lw40PHn2pakzCbNiB2SSfIgc1AkGLQGR21CmTMVH8fLw1gXTM7vrnHyY3lp3TV8FS_xRh8a1LxCsxsSlUODIyNeD7r4vhTtQwwgeRPNNldC03k_JuzwPcOTKvlXgGgpyGl5PsoNMtL76yIPnENQ9VwIgAP3Mopk-fpcuXCawAkL6IYbZZxEg-ofhtXhUyJnuy61snzOYjFFr14pSS-jt9aHnXnu2bP9RHJ9cux3uMX7CB55TdTZPghVFCgiaGTFCXAy3Ngj_bVMJaJWwc1YaJYB3o3g7NlgWNnaUg8s7RAtgDat96UKvjI-v3ApqNAC1SQDIGHzf1YhOcpNa-Ltn_3LyH9ZIsmtHwmqsywkwNSZPodEzeX9oUrNRe-kg53G8bV0Fr1gK6mwNg7xwchd9u5sHfSl87JhdpOYKtq1UfKIYZGEQqkeK6sbqc6e68z_c9Tzpj1J8IEE0=&p=2&fvj=0&vjs=3
Plaatser aluminium ramen - Bouw - Westerlo;Actief Interim;Westerlo;https://be.indeed.com/pagead/clk?mo=r&ad=-6NYlbfkN0AXM1mzRTEgRXkWxvmApyi5tDtUj-90KkV_vYX44yEGyT2TQm9rUHOjG1jDJLP1i628fvAnWGohk7qSS_SgCsoPGk3w3cQY2pXB4hf1W2CViMKziF1dV53lVxuX7mW2ZYhMrkMxn5EPewLy2TQin60F9HdD3Tg2gxD2mADcWvO7J7Oe9htrVF5c8pMeL202-pQZWeYcaqv49iIqC7Hi6zcBpVleU0vs8vi_kJh7N2H0Eizqcv7UMH5MbLwAqKzwBfoiJyYZE1Ebm-ExQg2XAF4Vl0uaDdNZxfGd5Fnl4vFREfzelU6YpH-GdG2DZQDlCkj2nyENcYP-N1F6l7IwzezbMdI22OWiWcc1F98rS9C1WFUhzTBbWbMrGg5c5dXRd2YEa_0oX03-bPva_S3O0UIYXvaxFAvHiIUvRG0bm_BDKY-FZgDHn75dn52T2LVGYEb4Do-M02uS3FA_NuJDDkDP5wfPSrPChNBMHd9nl-gvnq7yt-1h7BN4dldC1JQKH-7z2IM_uCiKBFfXXGtPMl8JtrZzLApui9FvmsvdflnpKu7M9wPNPNh3HLvqbclXbyEHsK_-Qxih0_3_g0UGg_ZtK2O9evZatHDO5Fr86r-QipFlY_6-otnQ3ttQrnXf1acf6QDJNw-hd5uADpgDx9lJKUUsXXVxmpSljFgxpMI6MACUZoqMDMkQhEk1JEI72wLFXvBlAks07ADQI-IiWAFp805tzH3vZTNp_ljI5xsN8K83i-vfB19X&p=3&fvj=0&vjs=3
Technieker - BOUW - Westerlo;Actief Interim;Herentals;https://be.indeed.com/pagead/clk?mo=r&ad=-6NYlbfkN0AXM1mzRTEgRXkWxvmApyi5tDtUj-90KkV_vYX44yEGyT2TQm9rUHOji9ubrSbiHjdEsLuTWOeQ05F2Cj7OsvVVK-dBWARNq3VXgNNyLQ-ib67sNnIBzlFdbHHFrtyDsH4z-jiQGNNgiL6rXotGbOFwoYOgUKPsNo8xeJx-iosZA01nUjcIWYA8KQT2bZix4IeoA0jz_61WqOBWnsoXw9IXG3dNOxpqiXu6WXkxlSsET5agIR6SukQ_AINsmJTolG0QMATOoqP8pp6WebTLIbIyVMPt79RvZRDwU5Xq-8lUk3YFw0hQ88w2yQT72VvzzwJcSln2uF7jEtMp9x2Hv179UGW0Ug247IkGkzC4LwvnwswzsOmhz-WfyiaNVIxb7s27DHODyAVRuTHAaiEq2V00F0XhD6dpB0oAv1WxXTrpoO72i4PnDJ63IXGhDgk2My3iSUb9TTjFNyA7nWyG8Hmu-fdhFlp-3MZPMdRx8BNXtk0SSg2eRGcfN1KfSEYFX1Di06uZg3pfqLaNtib7n8pfvPNXk6uXVQLyIrIXvq6X8-hjx-GixZM1IuOkNv5TIQM4SuLBcb7U5-Os-RNnmVP4dVQCAshEyyUlUFmcJ6aI_PJKoy5maERFaVhCqpspV9Z5zwpsBADVnlVs7xVosK-hJUXqChC7DJ5nOXG3S69CKUpUGjOIoZlF&p=4&fvj=0&vjs=3
Keukenmedewerker nacht productie;Itzu Jobs;Westerlo;https://be.indeed.com/pagead/clk?mo=r&ad=-6NYlbfkN0BKuOcQpThPWai6S9Oj-wOmsjGD2CsrOXKXCzVFtLS1uNMqu7-aASRrVcUJiEY9CelNEg75c1LuzJRWDQYqXwX6cWJ8Wdk46MQraJ-pxwFm6xFa0qq5IEvJkLBKTCyca4uhKeHUB5LlRknH6DW64LkTSYGy4i9E4Vnp7SqqOGQE1xbaWwd5ezTuMfy3-8DA_VnIa1b4rqbKRTwsVIWOFIbw5_CqnsafZqV4tiFZ5BcLhsr5FEV0wVqSslhZ9o7fjFGYdAEeSQmTS4iMJKqeOjx0rU4Ja36rKcXz76H1d6PoP3eLezgmevDpJd780lmFrKNzh66odgSTnK4llPOVskEzHKnAojGaiDs3VoiiaS1OALe4_paob_v44r4FvJLw9_RAR83j7uxcNKN8Fvf8QA04qtePQyA_xOAAj4_ENqMnKeWK9okP0tL_yP3lLNgYShLRDZMooaWSUa_cHXSCtGJAL1S4KsKeowayAGmOPzMD3xQB9Io5W8wgkgSAUSVeAoRi8nzwcnH8IlIwt6ZUaBeKTp34GlKKjgcuj-UgUugPu7nnlTt5WVIbVRiZpOwfKf9xZgfd7GEtOa6MdDWC7JLkZ8m72bSxFQto4eqPWbo58dK9gtzrhXwXGqccmH4MkFof4N_KwVONUIQpoMwJtYFpudfBe4Oh5avqvd9k07wJcQ==&p=5&fvj=0&vjs=3
Technisch operator;Synergie;Oevel;https://be.indeed.com/pagead/clk?mo=r&ad=-6NYlbfkN0BwSkeK3WvgrjVE-pajvfqpPmXxaqqH5onXu8LAqAzJQkdUH6CXINcflwVqwx9g5CyffTDsDSgMElUJ7q8i1mF6ej5eEtDmzUuAst13mNSocyN8AG9X45rabn1dVC5mhCuMxB6cmAJGNEFwNb7Dghw-qDqASsqMj5peTcfJLsI19Z1SzTnijznKoJl5cQ7biIKkPrigSQETKmAxqHPNQL875dPdfn0kCW17x3EqAKul-PunA-q5Ladr9ojKO78sDsrZtpM5IM8UcWJVlLNlKRoMPVqbea4RI-gVa5v-HPkGyi6Nv-HMge4Egg1dXlVpje-9aSNT22-SWedzH43nTem7e82ohgV0cOe5HOIHpaQ9X_nm4fIw6olucTSJ-RZTKAnsV1qo935othbWJFP4oLyHJouqUx39GSidu9wPSfrDA7EATHO5jCaaAJ3TOO9njiOnXoNeYX44L8MkKDMu2zCQbNI3f_5AVFKQiIzJj3EMmC8LlUSBoBQuS0Gg4diTP0EOZhwUCBWxF0jeVcNlOjpdDiR43tp1SMgDl7uMigqwAert5yyjv29wMk1qRrR3c-pjKtgZwSdOT90tygqH08s9jDqOhzAxJBKmEOGwyPBFnzTN26lGfV9FnurLhDD0CUi4NjUyjnRQn0gYb0scePkEJ5wctejCxDdDRfKtd9r_jzWsYmN_eh6XpNhumpatIWoVHWllEAw_mAOfA31DDJg1j0XEMD_MwlnW062cJ1fTkVS8T14CHGzlxbMnSOQXH7swh8YUGd0Z1yUnBpcTiSPv&p=6&fvj=0&vjs=3
Atelierschrijnwerker cnc - BOUW - Westerlo;Actief Interim;Westerlo;https://be.indeed.com/pagead/clk?mo=r&ad=-6NYlbfkN0AXM1mzRTEgRXkWxvmApyi5tDtUj-90KkV_vYX44yEGyT2TQm9rUHOjG1jDJLP1i628fvAnWGohkyGR1Ya7kAY7rkp0gLQi3Q6-9M0KqRguTPCSDNoNAMgM39_q4XsmrXJV-LWFIpDPCeFh8VwfRV3fecjHVeNrdjcVydPZ0os3_yLAM9dFDxkc46ZU-sSVQAVo1ewUvgOKKQfI6u9F5tx9fEizWfIko3KYS2R2Cf2d-fYfCr5HjfX6oVFbJ_gkUbeJBfi50oP9b4wgovJPR0G3V_P0MKrby56yM5LNIXsQRUIEzIXQErAwGbg13R56QwL13ocg7EQ0SDR_laLtZjrqKoMzLuQhK8kfy8ZHt1gJrpHZWi69lZJFnEBB0xZX2QhfzdkHr4-1ZTU2zFwuA6PDkw682lDGFDpFrVVaevsD76zvGAnAvH8fOpFz3CgPNUACnLaTB9O38QB2WQDuu74hSVgCXx_0HdZiF8La_c0pDNIFvhUya4OBxJH9-lmcmedzH6FJ3TNygnQqjwpDORW9ed1AO0Q9worR3mf33NZ1D4AV0y5371eeRJquHCHzf36mxMkwFuqP6OW6gJPGPMu9vG9oLjoZpuWK_Fk-2yc-CT-brcGQjTaQ2Jjiu9SRBc56aSBNMDD1ZVYhJwhoMwyKkxncduspgm0TGP0VDZL_iCDi5zs0MKHXc2z47rvCa1n6AbSraeeg34hZggC6xhd055vBetzOvPRxsHmeoFV665S2Gx8h5zvY&p=7&fvj=0&vjs=3
Technieker / Klusjesman (sanitair) BOUW - Laakdal / Westerlo;Actief Interim;Westerlo;https://be.indeed.com/pagead/clk?mo=r&ad=-6NYlbfkN0AXM1mzRTEgRXkWxvmApyi5tDtUj-90KkV_vYX44yEGyT2TQm9rUHOjG1jDJLP1i60o8RiM3wBf7GpY3_wOfxpsVUwQcKNHQAfY8v4kbHRA6myR_XwgFO_1_6PJF95Fhvn9hcxx0i8HY9TlPi-gObJ_ob4rBqG3q9Kdr8imiK1dOzMC2Ik5Tbfi77QigH2GBc5SzIXqZIQc9yMBB9zdTQNMQPUkMxXewP0vuxZRS4yl0tx7KTnKnvqndQRkaayUT5n_rzrkW8QoPMiFygR6rTMmHlKOtNRLEjOCaMBxeIe5yEBT6EAwNPAdUdXnz8KqtypM3EF3Ev0KvuGBlgEEefX-geSGUAh9M2M78JFExI4jDZKvPUWBGJaEYSiL4Hcwd_RYjDUsCX81e7Ymy2iU1eWJhSix60b9P_ISddzCfetm7ObwHQq7qKChBWp7CO9ssryDNa8-rS__KhbPLllbQsjvieWNT_BZMd4RNm0o0ZwcvaadaJJjVh8I2nkQLBYrVTVy3CXibpXqUno3CNQ7PYi-NdRUnqKwEthWYEVNLkTKRJVTXfQwskRyHp8Maao8jez_9d0rxpv8XsOy937gfHnYI4xTy436X0glDzeztaDfZzhJEav3UyYUZXbGtR1Rm6scVzhTrltsfut9eTQfOdad_0o0UcbnB5T41FGpZ8D1fxDwq8gsnnq8JkgwzAOl0sIPYiHe-PXVLzMdG-PDI7XfPxEFQ0EjMr4WIVrutMy6XFXDg6K4JlZ2eRE94BtPyVaWQFPbEPAUDg==&p=8&fvj=0&vjs=3
Ploegleider bij MCT in Westerlo (m/v);MCT;Westerlo;https://be.indeed.com/rc/clk?jk=6ad15f907ed12274&fccid=4bb8f62c1db2c825&vjs=3
Metser - Bouw - Olen;Actief Interim;Olen;https://be.indeed.com/pagead/clk?mo=r&ad=-6NYlbfkN0AXM1mzRTEgRXkWxvmApyi5tDtUj-90KkV_vYX44yEGyT2TQm9rUHOjG1jDJLP1i628fvAnWGohk0-0qvlFV_K1taN4FxJuItbvcw68xLH2u3pIIo515Y6f1mC2GEXhQooKUicyqMkgyJhG91Sz-uJdU3ICN1jMR9JM9U5_opwGr029SUB9S60wIZ-FULuzffXSb763xcsgVT8iVFVcdQz06Djlu0lH-eL8EiWn7EfKJEmDQxpjCClEt4yaQth6LRUJ324W2zySwBVd_jYH9t-oDdmgqkxfyK0mBxxRzOPja_pqtKTr3AhqkfuZqI3fADE2nsyg0Nze25XXHBCXtJ1YE6rbSxSLjGS7LjyM4plo9m2GjHLMi2AvHsG0xTI-lSwTXa86a93USirX-0d_t5UfXfZuBAE-3g7hskdk10pYMzkMytUR4DZd82NcRajRDkqIv8nQCY8N_eTFVIXy11JQdswWW1gKi4rM9262veccxYXllm4QqB16M-k4Clvx2DGdBwEfti_QmX9ci92Ive6xdM5ruz1ZiNu-kl3y0278K7dMRUfNYdG7GCEeCJwATKOX3N_uxQH6NfMWryrJ9ZE6ojg8HCT4am30dR3o8OLO2aVPs-3oo16ZdLc8s_lN0DD35qjJU8Jpx2zJcUsh6m2KcKSDKsSe9cHw4vNWaD0bprIlpb24slbn2dRSZxfRzNHq4mk9InwWMS2gf5Qvj2u9W5SZ1p1a-lc=&p=10&fvj=0&vjs=3
Schilder (binnen & buiten) - bouw - Geel;Actief Interim;Geel;https://be.indeed.com/pagead/clk?mo=r&ad=-6NYlbfkN0AXM1mzRTEgRXkWxvmApyi5tDtUj-90KkV_vYX44yEGyT2TQm9rUHOjG1jDJLP1i628fvAnWGohk0IWPcWzn9Mj8DbiUZ4uAJpGhBI2jtb6lwwMefq6Dul32A1o_5ei1Nxqy7q2kNrLAEJppWwEF8K-ApU_cIMrtOnRbi9LtvJlqb0nRMS_SKdhonX-1ktOCqKlBxkdKH87HF_NSVfFRrASHIhnPzeVNE5BCIWyZHHZSrjFmYn2_4ksRqYBb-6ZnoVrwLPP-tNY17eJBnPA-jHx_MaoqeOIU42Q7oyUlQp9DJHk2J6ihyi54oGQwK9qw-RBG5dSTMRST2YNWS4v6e7om77PIJxWKCMRykBgOIzOHsiCIZGf4HCP3fMRS40vvT79j2KU4QcAerxWoHrNYvdvsXgqeL2nlMwiDDgirn6eNW2DtgF23doVP13cA_ZpZILYYf5wVBKTe2nyfqasf07Q7n5CuYymPgScmayhGXj4gsvu10hz7sABQ9taAPDAKg7G9H9-7H9lZRzK__6oheU2ygRJmLXsTR-7-za2x57ZU-1eRpPj43YRBi1a8k7re72kU4u5_WjxnJDuhzKdo_YbbYL94vlkAyNJQKBSPhUNIQ9Ozy3R7MsWqIrVu1teeiEYxL0w71G3_5D46w_5P3OD1UycY4k8qxPcmOTxzvY-WnyCfnz1QBF88Bk7RVBbW_T7Ho1CCaKgNpMQuLH6CxCBw28SCqBJ7iRdZhtwM-QP-2S-b-CGpV43&p=11&fvj=0&vjs=3
Facademetser - Bouw - Geel;Actief Interim;Geel;https://be.indeed.com/pagead/clk?mo=r&ad=-6NYlbfkN0AXM1mzRTEgRXkWxvmApyi5tDtUj-90KkV_vYX44yEGyT2TQm9rUHOjG1jDJLP1i628fvAnWGohk6GP04p_tTOVIAULHNgmJWe_i6pADaLWmQ9fqzB1Ng2QVM34lK0SF3o44A_n5sFucINiyLKdaN1wEc0hVtGpmdvnQlEOcM7W0BHz59sQWVpxkwxVeDYOLrm_I5BC9PHeFJZoKUARQnwM4toLX2lIVFNM6c0fHh-kt2Md7RiIOWHfbSFS-iEco55tSVtmoYaiA19ugef9FqX6lbb78jpY-WDC31tnkrdDFGj8fdwIB8Uf6d16VQ_d6VYOzbsfc-nFkNC43WKWcmBSYfqiBdxGe8d1T9fWhU71qN17N47lWKs16KYf_3oSuJfopmFHrKmt-VjIi5oA80mvbtsO3K4Pu-Fq4U3vbTiNSFe_UwBPtsbfpE-hlDn5hB31fuM3wjk-SdBihGbWGuOXcsYE3janJI8_kY3nXP-yQUAA4hXCiu6XV9CG8pdVXPlRjdIOvE-3QfX-2UwlYdYnW_8r3lK7ngcpNr6SMj3bXX69ZIRlpna-RntQSjXcCP48sVDtb6Bc57XEvwY-q7OyTp22qTL8IXCVztLIMETYQb7lwosRS-Ev05CzkhQX7aVp6PX4NsARycS6BK1FZmSWIkVHw6YCA05XcGdOBJkCNa3pKKnMf2V8dEnHZqZI_Y2Aw8Wy54_fDVy6EEj8AKEVEqmpZWIAe5g=&p=12&fvj=0&vjs=3
Lasser bij MCT in Westerlo (m/v);MCT;Westerlo;https://be.indeed.com/rc/clk?jk=4cdd3f9c0b048413&fccid=4bb8f62c1db2c825&vjs=3
